id,Problem,Solution
32d410f4-9c94-44a9-3948-17440783b7c7,upgrade to the latest drs rule set in application gateway waf,Update your Application Gateway Web Application Firewall to the latest Data Retention Standards rules to enhance security and compliance.
63edc0e3-6e67-4470-6bb9-2f1edd7b8640,consider virtual machine reserved instance to save over your on-demand costs,"Acquire reserved instances for your virtual machines to save money compared to paying on-demand rates, as this may offer significant cost savings over time."
3bbc2c5b-6ef7-108c-4f22-563d4fe27b90,consider virtual machine reserved instance to save over your on-demand costs,"Acquire reserved instances for your virtual machines to save money compared to paying on-demand rates, as this may offer significant cost savings over time."
13d760f4-301b-a618-853b-d62f1d7351dd,consider virtual machine reserved instance to save over your on-demand costs,"Acquire reserved instances for your virtual machines to save money compared to paying on-demand rates, as this may offer significant cost savings over time."
827087a6-f247-2c77-0c86-b9a5ec1f79ba,consider virtual machine reserved instance to save over your on-demand costs,"Acquire reserved instances for your virtual machines to save money compared to paying on-demand rates, as this may offer significant cost savings over time."
05a7eb84-1662-7f86-8cdc-9f9681799fe2,consider virtual machine reserved instance to save over your on-demand costs,"Acquire reserved instances for your virtual machines to save money compared to paying on-demand rates, as this may offer significant cost savings over time."
4a0fd0a5-a974-9d2f-1d84-97b46b678c34,consider virtual machine reserved instance to save over your on-demand costs,"Acquire reserved instances for your virtual machines to save money compared to paying on-demand rates, as this may offer significant cost savings over time."
c580416b-44b8-8a8f-ed58-e5bf550d3ef5,consider virtual machine reserved instance to save over your on-demand costs,"Acquire reserved instances for your virtual machines to save money compared to paying on-demand rates, as this may offer significant cost savings over time."
55a77a68-f8d0-c916-32ce-2c9bcea4be2d,consider virtual machine reserved instance to save over your on-demand costs,"Acquire reserved instances for your virtual machines to save money compared to paying on-demand rates, as this may offer significant cost savings over time."
fc5d28fe-b626-7590-5906-635d52c74b76,consider virtual machine reserved instance to save over your on-demand costs,"Acquire reserved instances for your virtual machines to save money compared to paying on-demand rates, as this may offer significant cost savings over time."
edb8553f-5379-f52c-0097-51ffccc5d32a,consider virtual machine reserved instance to save over your on-demand costs,"Acquire reserved instances for your virtual machines to save money compared to paying on-demand rates, as this may offer significant cost savings over time."
